{
	"display": {
		"icon": {
			"item": "minecraft:warped_fungus_on_a_stick"
		},
		"title": {
			"text": "Warped Fungus On A Stick",
			"color": "aqua"
		},
		"description": {
			"text": "Obtenir un(e) Warped Fungus On A Stick",
			"color": "gray"
		},
		"frame": "task",
		"show_toast": false,
		"announce_to_chat": false,
		"hidden": false
	},
	"criteria": {
		"requirement": {
			"trigger": "minecraft:inventory_changed",
			"conditions": {
				"items": [
					{
						"items": [
							"minecraft:warped_fungus_on_a_stick"
						]
					}
				]
			}
		}
	},
	"requirements": [
		[
			"requirement"
		]
	],
	"rewards": {
		"function": "first_bingo:1_1"
	},
	"parent": "first_bingo:root"
}