{
	"display": {
		"icon": {
			"item": "minecraft:end_stone_brick_stairs"
		},
		"title": {
			"text": "End Stone Brick Stairs",
			"color": "aqua"
		},
		"description": {
			"text": "Obtenir un(e) End Stone Brick Stairs",
			"color": "gray"
		},
		"frame": "task",
		"show_toast": false,
		"announce_to_chat": false,
		"hidden": false
	},
	"criteria": {
		"requirement": {
			"trigger": "minecraft:inventory_changed",
			"conditions": {
				"items": [
					{
						"items": [
							"minecraft:end_stone_brick_stairs"
						]
					}
				]
			}
		}
	},
	"requirements": [
		[
			"requirement"
		]
	],
	"rewards": {
		"function": "first_bingo:2_1"
	},
	"parent": "first_bingo:root"
}