{
    "display": {
        "icon": {
            "item": "minecraft:warped_button"
        },
        "title": {
            "text": "Warped Button",
            "color": "aqua"
        },
        "description": {
            "text": "Obtenir un(e) Warped Button",
            "color": "gray"
        },
        "frame": "task",
        "show_toast": false,
        "announce_to_chat": false,
        "hidden": false
    },
    "criteria": {
        "requirement": {
            "trigger": "minecraft:inventory_changed",
            "conditions": {
                "items": [
                    {
                        "items": [
                            "minecraft:warped_button"
                        ]
                    }
                ]
            }
        }
    },
    "requirements": [
        [
            "requirement"
        ]
    ],
    "rewards": {
        "function": "first_bingo:2_3"
    },
    "parent": "first_bingo:2_2"
}